id;cik;ccc;payment_amount;name;email;phone;approval
1;Devolved Wooden Granite;Corporate transmit;31126;Shoes panel;Misael95@gmail.com;(900) 883-6478 x5410;JBOD EXE
2;Frozen;Engineer Sausages function;68330;port;Price45@yahoo.com;1-712-321-6653 x967;methodical transparent Birr
3;Chips;Liaison synthesize Branding;7373;Bahamian system-worthy Designer;Murl.Hauck@hotmail.com;675-408-3804;encompassing Right-sized
4;Integration cohesive Consultant;Ville paradigm;67283;Gorgeous;Alexandrea.Tromp@hotmail.com;1-308-517-7914 x3247;Plains
5;Principal Michigan;Borders schemas Mobility;29680;customized;Kamille.Walker@hotmail.com;1-828-639-5122 x41951;24/365
6;Dynamic Buckinghamshire;Global core Rubber;63387;interactive green PNG;Kelly18@hotmail.com;992-812-6416 x4968;Keyboard program
7;Buckinghamshire Maryland Gorgeous;Multi-tiered Ford application;68682;payment revolutionary;Brown_Mueller89@yahoo.com;(293) 423-3936;utilize
8;generate;Field Forint;58625;Berkshire Ball synthesize;Terry.Gerlach80@yahoo.com;1-734-673-7936;input payment Practical
9;revolutionary Avon reboot;Dynamic deposit;41897;Up-sized Central cohesive;Maia16@gmail.com;293.787.2958;Switzerland deposit
10;Cloned Producer withdrawal;input;65972;viral program eyeballs;Tierra41@yahoo.com;374.600.8878 x39967;Architect Handcrafted
